id,1,2,3,4,5,6,7,8,9
111,23.245365,9.635769,9.592148,9.766630,9.592148,9.478735,9.269357,9.648855,9.770992
112,24.715909,8.238636,9.185606,10.132576,8.712121,9.753788,10.416667,10.227273,8.617424
113,21.987952,10.040161,9.939759,9.036145,8.232932,9.236948,10.742972,11.244980,9.538153
114,23.125000,9.910714,10.714286,8.482143,10.000000,8.571429,10.000000,9.464286,9.732143
115,23.204477,9.203026,9.534667,9.700487,9.037206,9.938854,9.513939,9.534667,10.332677
116,25.338895,10.114703,10.636079,9.176225,9.071950,9.489051,8.133472,9.176225,8.863399
117,23.105023,9.497717,10.136986,8.767123,10.136986,10.045662,9.680365,9.680365,8.949772
118,24.876115,8.820614,8.523290,10.406343,9.316155,9.018831,9.514371,11.000991,8.523290
121,25.128733,10.401648,10.092688,10.195675,8.650875,7.106076,8.444902,9.886715,10.092688
122,23.613596,9.554877,9.165527,9.302326,9.596969,9.870567,9.586446,9.860044,9.449647
123,20.833333,9.239130,9.873188,10.778986,9.510870,11.231884,10.235507,8.786232,9.510870
124,23.518344,10.912512,8.278457,11.759172,9.313264,9.219191,8.842897,10.159925,7.996237
125,24.324324,9.226468,8.760485,9.785648,11.090401,8.853681,9.506058,8.574091,9.878844
126,22.287390,10.263930,10.166178,10.361681,9.384164,9.188661,10.166178,8.406647,9.775171
127,23.285024,10.144928,10.338164,9.468599,9.468599,10.048309,8.985507,8.599034,9.661836
128,23.643054,10.027599,8.739650,8.187672,9.475621,9.659614,11.775529,9.475621,9.015639
131,24.369748,10.189076,9.453782,10.189076,8.718487,8.403361,8.928571,9.873950,9.873950
132,21.840355,11.640798,9.423503,7.982262,9.423503,12.084257,11.308204,9.201774,7.095344
133,23.425616,9.441233,9.157286,9.289119,9.775885,9.116722,9.877294,9.907717,10.009127
134,23.124358,10.894142,9.044193,9.866393,9.352518,9.249743,9.558068,10.688592,8.221994
135,26.661060,8.999159,9.419680,8.999159,8.999159,10.260723,8.074012,10.428932,8.158116
136,22.564508,8.557135,9.373354,9.583992,9.715640,9.505003,9.952607,11.032122,9.715640
137,25.344353,8.539945,9.641873,10.009183,9.366391,8.999082,10.192837,8.539945,9.366391
138,23.020258,7.550645,9.484346,9.023941,8.931860,10.681400,10.036832,10.957643,10.313076
141,21.511018,10.912907,9.233998,8.709339,7.764953,11.122770,11.017838,10.178384,9.548793
142,24.618515,10.376399,8.646999,9.257375,8.850458,9.766022,8.646999,10.172940,9.664293
143,22.682446,9.467456,10.650888,10.946746,9.171598,8.284024,10.453649,8.777120,9.566075
144,23.825538,9.507796,9.803322,9.202079,10.068277,9.405890,9.232651,9.293794,9.660654
145,22.475248,8.514851,9.900990,9.306931,10.198020,10.891089,9.009901,10.792079,8.910891
146,24.783028,10.221794,9.161041,8.389585,9.643202,8.678881,9.064609,10.221794,9.836066
147,24.606846,8.603145,11.285846,9.528215,8.048104,9.250694,10.083256,10.083256,8.510638
148,25.384615,7.403846,10.000000,11.826923,9.423077,7.500000,8.269231,9.807692,10.384615
151,24.808576,9.954058,10.719755,9.341501,9.800919,9.111792,8.039816,9.341501,8.882083
152,23.484013,9.702315,9.040794,10.143330,9.702315,8.379272,10.804851,9.922822,8.820287
153,23.653846,7.788462,11.538462,8.846154,9.230769,9.807692,10.576923,9.519231,9.038462
154,22.080679,10.615711,9.554140,9.447983,8.492569,9.447983,9.766454,10.191083,10.403397
155,25.562372,9.202454,8.588957,11.451943,9.406953,8.486708,8.588957,8.179959,10.531697
156,23.404255,9.477756,10.735010,8.607350,9.284333,8.220503,10.638298,10.348162,9.284333
157,24.846356,10.184372,8.252853,9.657594,9.657594,9.218613,9.130817,9.745391,9.306409
158,23.488774,8.721934,9.326425,10.708117,10.708117,9.671848,8.894646,9.153713,9.326425
161,25.947522,9.426628,9.329446,11.175899,8.551992,8.551992,10.204082,8.260447,8.551992
162,21.844660,9.223301,8.932039,8.932039,11.262136,10.388350,10.291262,9.126214,10.000000
163,23.100937,9.989594,8.324662,9.365245,10.301769,9.469303,9.677419,9.677419,10.093652
164,23.919598,10.251256,9.346734,9.648241,9.949749,8.944724,8.643216,9.145729,10.150754
165,25.215517,10.452586,8.189655,9.267241,7.974138,10.344828,10.021552,9.375000,9.159483
166,24.046921,9.188661,8.602151,8.895406,11.436950,8.993157,10.263930,8.993157,9.579668
167,25.752212,8.672566,9.469027,9.911504,9.026549,10.265487,9.380531,9.911504,7.610619
168,24.809160,7.824427,9.923664,9.828244,8.396947,9.923664,8.683206,10.973282,9.637405
171,24.868282,9.694415,8.956797,8.008430,9.694415,9.483667,9.062171,10.748156,9.483667
172,23.123123,7.707708,8.608609,9.509510,11.111111,10.510511,9.009009,8.908909,11.511512
173,27.578947,9.157895,8.842105,9.052632,8.631579,8.842105,8.736842,9.473684,9.684211
174,25.468578,9.040794,9.261301,6.835722,11.135612,8.599779,9.151047,9.922822,10.584344
175,23.699422,9.826590,9.344894,10.886320,7.996146,10.597303,10.404624,7.707129,9.537572
176,23.107178,10.717797,9.341200,9.439528,10.619469,10.816126,9.046214,7.177974,9.734513
177,25.191571,10.344828,10.440613,9.386973,9.578544,8.620690,10.057471,8.333333,8.045977
178,22.383985,10.100091,8.189263,10.282075,8.917197,10.373066,9.463148,9.190173,11.101001
181,22.547914,10.935738,11.612176,9.582864,8.117249,10.033822,9.019166,9.131905,9.019166
182,24.474187,11.089866,9.655832,8.891013,8.604207,8.891013,9.369025,8.891013,10.133843
183,25.438596,8.966862,9.161793,8.869396,9.356725,9.259259,8.869396,10.233918,9.844055
184,22.336066,8.913934,9.426230,8.196721,9.938525,9.118852,9.631148,10.040984,12.397541
185,24.502618,11.413613,9.633508,8.586387,10.366492,8.586387,8.900524,9.005236,9.005236
186,24.184261,11.420345,10.364683,8.349328,10.364683,10.364683,8.061420,7.773512,9.117083
187,23.412698,10.218254,10.218254,9.126984,9.126984,10.019841,9.722222,9.722222,8.432540
188,24.247788,9.292035,9.911504,9.292035,8.672566,10.796460,8.938053,9.557522,9.292035
211,24.816754,9.005236,9.319372,8.795812,11.518325,9.528796,6.910995,10.890052,9.214660
212,22.934233,10.118044,8.516020,8.937605,10.118044,10.961214,8.853288,9.780776,9.780776
213,24.449108,9.968520,9.233998,9.338930,10.283316,9.129066,8.394544,9.863589,9.338930
214,23.854167,10.000000,9.687500,9.166667,9.687500,9.166667,10.312500,9.479167,8.645833
215,22.921109,8.635394,9.914712,8.848614,10.874200,8.742004,10.021322,10.021322,10.021322
216,22.188139,10.327198,9.406953,7.566462,8.691207,9.202454,9.713701,10.940695,11.963190
217,25.980392,10.980392,8.529412,8.529412,9.117647,9.313725,9.313725,9.705882,8.529412
218,22.732240,7.868852,10.273224,9.945355,7.540984,10.273224,8.852459,10.601093,11.912568
221,23.202372,9.562639,10.303929,9.562639,9.636768,9.191994,8.747220,9.710897,10.081542
222,23.904503,9.217286,9.253551,9.410698,9.489272,9.809610,9.525536,9.561801,9.827743
223,23.964289,9.278764,9.559635,9.639884,9.419200,9.760257,9.148360,9.148360,10.081252
224,22.722723,10.710711,9.109109,10.210210,9.609610,9.609610,10.410410,8.908909,8.708709
225,23.301887,11.886792,8.018868,9.150943,9.905660,9.716981,8.113208,10.471698,9.433962
226,23.324702,9.559814,9.466598,10.139824,9.601243,9.135163,9.653030,9.290523,9.829104
227,23.195876,11.443299,9.381443,9.175258,9.381443,9.278351,8.762887,9.381443,10.000000
228,24.039067,9.483302,9.619828,9.021214,10.050410,9.451796,9.189246,9.672338,9.472800
231,22.468660,9.353905,10.318226,9.836066,10.318226,8.968177,7.907425,10.125362,10.703954
232,23.566379,11.233307,10.604870,8.719560,9.583661,8.483896,10.290652,8.798115,8.719560
233,23.926636,9.712380,9.368487,9.618591,9.785327,9.212172,10.025010,8.982910,9.368487
234,24.299910,9.214092,10.930443,9.665763,8.672087,10.840108,8.401084,8.762421,9.214092
235,25.024728,9.396637,9.297725,8.110781,10.484669,8.902077,9.693373,8.011869,11.078140
236,23.890463,10.292729,9.537299,9.915014,8.498584,8.026440,11.709160,9.159585,8.970727
237,22.787194,10.357815,7.815443,9.792844,9.604520,10.922787,10.169492,8.945386,9.604520
238,24.080882,9.834559,9.007353,7.444853,10.386029,10.661765,10.294118,8.639706,9.650735
241,23.181377,9.505335,10.766246,10.475267,9.990301,8.729389,7.953443,9.699321,9.699321
242,27.320125,10.218978,9.697602,8.550574,8.029197,9.593326,8.342023,8.342023,9.906152
243,23.651452,7.883817,9.854772,9.024896,9.647303,10.269710,10.892116,9.024896,9.751037
244,23.571429,9.030612,9.408163,9.489796,9.714286,9.673469,9.438776,9.795918,9.877551
245,24.131274,10.521236,8.590734,10.617761,9.266409,9.942085,8.976834,9.266409,8.687259
246,26.192795,10.516066,8.860759,8.179163,8.179163,8.081792,8.666018,11.295034,10.029211
247,23.588342,8.834244,9.927140,9.927140,8.196721,10.200364,9.744991,9.289617,10.291439
248,25.046729,9.439252,10.093458,9.345794,9.252336,10.093458,9.439252,8.598131,8.691589
251,21.785714,10.238095,8.690476,9.761905,10.357143,7.976190,9.880952,11.428571,9.880952
252,21.875000,9.472656,8.984375,10.742188,9.765625,10.839844,9.277344,9.375000,9.667969
253,25.760870,9.130435,9.130435,8.152174,10.652174,8.913043,8.369565,9.021739,10.869565
254,24.833492,6.945766,8.848716,10.466223,10.180780,9.705043,9.800190,9.514748,9.705043
255,23.744620,9.868826,9.346177,10.207010,9.622874,8.926009,9.612626,9.592130,9.079729
256,23.764906,9.880750,9.199319,9.795571,8.943782,10.136286,10.051107,8.347530,9.880750
257,25.571726,8.523909,10.187110,10.291060,7.588358,9.667360,10.602911,7.692308,9.875260
258,24.326834,8.449396,9.470752,10.584958,10.770659,9.285051,8.727948,8.356546,10.027855
261,21.046771,10.244989,10.579065,9.910913,9.242762,10.467706,11.024499,7.906459,9.576837
262,22.734499,10.333863,9.062003,11.049285,9.062003,7.949126,9.618442,9.777424,10.413355
263,22.986037,9.237379,8.807734,9.022556,11.063373,9.559613,8.915145,9.022556,11.385607
264,26.919140,8.802456,7.881269,9.723644,9.314227,8.700102,10.644831,9.007165,9.007165
265,24.412094,9.406495,10.638298,10.414334,8.398656,10.526316,10.078387,9.630459,6.494961
266,22.881356,8.474576,10.169492,10.734463,10.451977,8.286252,10.169492,8.851224,9.981168
267,24.171540,10.428850,9.454191,8.869396,10.233918,8.966862,9.454191,10.038986,8.382066
268,21.900452,9.954751,9.321267,9.683258,6.968326,9.592760,10.769231,10.135747,11.674208
271,23.068783,9.206349,9.841270,10.052910,8.888889,10.582011,10.899471,8.677249,8.783069
272,21.325052,9.523810,10.869565,11.180124,9.420290,10.766046,9.523810,8.178054,9.213251
273,25.155280,7.867495,9.937888,9.316770,11.490683,10.144928,9.420290,7.867495,8.799172
274,24.790308,9.040075,10.810811,9.226468,11.090401,9.319664,8.014911,9.692451,8.014911
275,21.597300,10.236220,9.898763,9.561305,8.998875,10.348706,7.649044,11.136108,10.573678
276,21.993834,9.558068,11.510791,9.044193,8.838643,9.763618,10.791367,9.249743,9.249743
277,24.162185,8.947042,9.971038,9.577989,9.640050,9.733140,9.071163,9.577989,9.319404
278,26.873385,9.819121,8.957795,9.560724,9.130060,8.613264,8.182601,8.527132,10.335917
281,24.383021,10.365252,10.069102,9.081935,9.674235,9.180652,9.772952,9.378085,8.094768
282,25.074405,9.077381,9.226190,10.416667,10.267857,9.747024,9.002976,8.482143,8.705357
283,25.052411,8.700210,8.700210,8.595388,9.433962,9.538784,9.958071,9.433962,10.587002
284,22.697368,9.429825,10.964912,8.662281,10.745614,8.881579,8.771930,9.649123,10.197368
285,23.548046,8.236536,6.652587,10.454065,11.193242,9.292503,9.186906,10.242872,11.193242
286,23.377961,9.783728,10.813594,11.019567,9.371782,8.547889,10.195675,8.444902,8.444902
287,25.258216,9.671362,8.732394,9.577465,9.577465,11.079812,9.107981,8.356808,8.638498
288,22.478386,9.414025,11.047070,9.510086,11.047070,8.933718,8.357349,9.414025,9.798271
311,25.366876,8.595388,8.595388,8.909853,9.643606,10.062893,10.377358,10.587002,7.861635
312,25.118483,9.573460,8.530806,8.815166,8.341232,9.478673,10.521327,10.047393,9.573460
313,21.759891,9.481583,9.754434,10.572988,10.368349,9.413370,9.413370,10.914052,8.321965
314,24.213537,8.198284,9.246902,10.200191,10.390848,9.628217,8.579600,10.390848,9.151573
315,25.512528,9.339408,9.681093,9.567198,9.453303,9.567198,8.542141,9.794989,8.542141
316,24.522613,11.256281,8.241206,9.949749,8.341709,8.643216,8.542714,9.949749,10.552764
317,24.750277,8.657048,8.213097,9.211987,10.876804,10.321865,7.880133,9.766926,10.321865
318,21.769912,9.203540,11.238938,10.353982,10.353982,9.292035,10.353982,8.495575,8.938053
321,22.983425,10.165746,9.944751,9.944751,8.508287,10.165746,8.839779,9.613260,9.834254
322,22.695035,10.244287,8.904649,9.929078,9.535067,9.141056,9.929078,9.535067,10.086682
323,25.651868,8.879493,8.456660,8.456660,8.879493,9.372798,10.711769,9.231853,10.359408
324,24.387528,9.799555,8.685969,9.354120,10.022272,8.351893,9.465479,9.242762,10.690423
325,26.255230,8.577406,8.891213,8.995816,9.832636,8.577406,8.891213,9.205021,10.774059
326,24.591837,7.653061,10.918367,9.897959,9.795918,8.571429,10.204082,8.775510,9.591837
327,23.415682,10.848550,9.667025,8.807734,9.559613,8.807734,8.915145,9.881847,10.096670
328,24.263959,9.644670,9.949239,8.426396,9.441624,9.543147,8.832487,10.355330,9.543147
331,24.397370,11.395179,9.422936,9.495982,9.130752,10.226443,7.742878,8.765522,9.422936
332,22.940724,9.930716,9.853734,9.622787,9.853734,9.622787,10.392610,8.852964,8.929946
333,23.579148,9.692592,9.255837,9.894171,9.843776,9.686993,9.171846,9.479814,9.395823
334,24.654832,8.875740,8.678501,10.946746,9.664694,8.481262,11.045365,9.763314,7.889546
335,24.121557,10.161443,8.262108,7.787274,8.072175,9.876543,10.541311,10.636277,10.541311
336,24.380952,9.047619,10.285714,8.285714,9.809524,7.904762,8.666667,10.095238,11.523810
337,23.069404,9.872923,8.406647,10.361681,10.068426,10.361681,9.775171,8.699902,9.384164
338,20.895522,10.646766,9.950249,8.955224,10.049751,10.149254,10.149254,8.955224,10.248756
341,24.258475,9.004237,8.792373,9.957627,11.016949,8.580508,9.110169,10.487288,8.792373
342,22.339406,10.067114,7.574305,10.834132,9.491850,11.601151,9.012464,9.012464,10.067114
343,24.281150,10.223642,7.774228,8.732694,9.584665,7.774228,10.117146,11.395101,10.117146
344,24.392614,8.454810,9.620991,9.329446,9.329446,10.301263,10.495627,7.774538,10.301263
345,23.226433,9.620991,8.843537,10.981535,9.523810,9.912536,9.037901,10.495627,8.357629
346,23.617208,7.726076,7.989464,10.974539,11.413521,9.043020,10.359965,8.779631,10.096576
347,22.928177,9.484346,9.944751,9.760589,9.023941,12.062615,9.116022,9.116022,8.563536
348,24.792627,9.493088,9.953917,8.479263,9.677419,9.677419,9.032258,9.493088,9.400922
351,24.181118,11.753372,9.441233,9.537572,8.092486,8.477842,8.863198,9.922929,9.730250
352,24.559585,8.808290,9.119171,9.015544,9.637306,10.673575,10.362694,7.772021,10.051813
353,23.153693,9.281437,10.778443,8.682635,9.780439,10.279441,9.580838,9.181637,9.281437
354,22.662266,9.900990,7.590759,10.121012,10.011001,10.121012,9.680968,9.240924,10.671067
355,23.820659,9.434730,8.936560,9.566897,9.831232,9.516063,10.014233,9.221228,9.658398
356,24.888889,9.422222,8.622222,9.777778,8.888889,8.711111,10.488889,8.622222,10.577778
357,23.673126,8.845830,11.288964,9.688290,9.182814,8.845830,8.761584,9.182814,10.530750
358,22.244489,9.418838,11.222445,9.819639,8.216433,9.318637,9.418838,10.120240,10.220441
361,23.908918,7.874763,12.523719,9.013283,9.867173,8.538899,10.151803,7.400380,10.721063
362,22.689938,8.932238,9.650924,9.034908,10.266940,11.190965,9.137577,9.445585,9.650924
363,22.026022,9.572491,9.107807,10.130112,11.617100,8.550186,9.200743,8.921933,10.873606
364,24.335378,8.282209,8.384458,9.713701,9.918200,10.736196,9.611452,9.918200,9.100204
365,24.503311,8.498896,10.706402,8.940397,10.375276,9.161148,10.154525,8.498896,9.161148
366,23.946600,9.178139,10.325407,9.449312,9.689195,9.480601,9.438882,9.000834,9.491030
367,24.847428,9.590235,8.369660,9.328684,10.113339,9.590235,10.374891,8.020924,9.764603
368,25.025641,8.820513,8.512821,10.358974,9.948718,9.435897,8.615385,8.923077,10.358974
371,22.300706,9.081736,9.989909,10.494450,10.090817,9.081736,9.889001,9.081736,9.989909
372,23.814542,9.272919,9.905163,10.958904,10.010537,9.483667,9.378293,9.694415,7.481560
373,26.600442,8.388521,9.602649,9.381898,8.167770,9.823400,8.498896,9.713024,9.823400
374,21.996124,9.205426,10.852713,8.914729,10.755814,8.720930,8.430233,11.337209,9.786822
375,21.764706,9.117647,8.823529,10.490196,9.901961,9.313725,8.823529,9.901961,11.862745
376,23.723404,10.106383,10.957447,9.680851,9.042553,9.680851,9.361702,8.510638,8.936170
377,23.643054,10.303588,9.015639,9.935603,10.119595,8.095676,9.199632,10.211592,9.475621
378,21.904762,10.666667,8.761905,11.238095,8.666667,9.809524,8.571429,9.333333,11.047619
381,23.619632,8.588957,11.554192,9.815951,9.611452,8.384458,9.918200,8.997955,9.509202
382,22.168441,8.906099,9.196515,9.777348,9.390126,9.583737,9.293320,11.907067,9.777348
383,20.297556,10.095643,9.989373,9.564293,9.564293,9.351753,9.776833,10.626993,10.733262
384,23.906706,10.204082,8.843537,10.495627,10.592809,9.135083,8.746356,8.163265,9.912536
385,24.735729,9.196617,10.147992,9.302326,10.465116,8.456660,9.725159,9.725159,8.245243
386,23.139653,9.683996,9.785933,10.805301,8.460754,9.480122,10.091743,9.072375,9.480122
387,22.324159,9.989806,9.378186,9.887870,10.091743,10.499490,9.174312,8.868502,9.785933
388,22.894986,10.974456,10.312204,9.271523,9.460738,9.649953,8.987701,7.757805,10.690634
411,22.200198,10.802775,9.613479,10.604559,9.613479,9.217047,8.027750,9.613479,10.307235
412,25.730443,9.048068,9.519321,9.236569,8.482564,8.953817,10.461828,10.084826,8.482564
413,24.601594,9.063745,7.370518,10.557769,11.055777,9.362550,9.661355,10.059761,8.266932
414,23.240469,9.090909,10.263930,9.604106,9.897361,10.263930,8.797654,8.577713,10.263930
415,24.134313,11.752361,9.233998,9.338930,8.604407,9.758657,8.499475,10.178384,8.499475
416,26.073620,7.259714,8.384458,8.997955,10.531697,8.077710,10.122699,8.895706,11.656442
417,25.046382,8.534323,8.534323,10.389610,9.647495,9.183673,8.348794,8.998145,11.317254
418,22.768305,9.327984,9.528586,8.625878,9.428285,9.327984,11.434303,9.227683,10.330993
421,22.900000,11.200000,9.800000,8.900000,8.600000,10.400000,9.700000,8.900000,9.600000
422,24.206349,10.317460,8.928571,10.912698,9.623016,9.623016,9.325397,8.829365,8.234127
423,24.174654,9.584665,8.413206,10.543131,10.969116,8.839191,9.052183,8.626198,9.797657
424,23.511214,9.976798,10.054138,8.894045,9.203403,8.971384,9.899459,9.822119,9.667440
425,23.771314,9.528586,9.127382,9.628887,8.625878,11.835507,9.227683,9.428285,8.826479
426,23.588040,8.859358,9.966777,10.299003,9.302326,9.745293,8.748616,10.409745,9.080842
427,22.820764,9.206660,8.814887,10.969638,9.304603,8.423115,10.088149,11.557297,8.814887
428,22.505543,10.088692,10.088692,9.312639,9.534368,9.756098,8.203991,11.640798,8.869180
431,24.387755,9.897959,9.081633,11.632653,9.795918,8.979592,7.653061,10.714286,7.857143
432,25.165563,10.028382,9.366131,8.893094,9.460738,8.325449,9.933775,10.690634,8.136235
433,22.337963,10.416667,9.837963,8.333333,8.564815,10.995370,9.259259,10.416667,9.837963
434,22.828283,9.090909,10.101010,8.585859,10.606061,10.808081,8.484848,10.707071,8.787879
435,22.660099,10.246305,9.359606,9.655172,10.246305,9.261084,9.950739,9.556650,9.064039
436,22.708333,11.562500,10.208333,10.520833,8.020833,8.125000,10.312500,9.166667,9.375000
437,22.681452,9.979839,11.693548,8.669355,10.887097,10.282258,9.576613,8.366935,7.862903
438,27.551020,9.863946,8.956916,8.843537,8.843537,7.596372,9.977324,8.956916,9.410431
441,24.140454,9.656181,11.046086,9.509876,9.509876,8.412582,10.168252,7.827359,9.729334
442,23.333333,9.069767,9.224806,9.379845,10.775194,9.224806,8.682171,10.542636,9.767442
443,23.085339,10.175055,9.409190,10.175055,8.096280,9.737418,11.269147,9.299781,8.752735
444,23.816618,9.988488,9.263899,9.101375,9.670211,9.304530,9.873366,9.487370,9.494142
445,23.747719,9.085378,9.349016,9.115798,9.521395,9.906713,9.926992,9.815453,9.531535
446,23.143777,10.128755,9.270386,9.141631,9.538627,9.763948,9.796137,9.549356,9.667382
447,25.579151,9.459459,8.301158,10.231660,8.880309,9.266409,10.617761,8.590734,9.073359
448,24.764595,9.322034,11.016949,8.757062,9.698682,8.568738,9.792844,8.568738,9.510358
451,23.643808,9.211873,9.621290,8.597748,9.621290,10.337769,8.904811,9.211873,10.849539
452,25.687104,10.253700,10.465116,6.659619,9.725159,9.302326,8.773784,8.985201,10.147992
453,23.747495,11.022044,9.218437,8.917836,10.020040,9.418838,9.018036,9.519038,9.118236
454,23.914699,8.149276,7.996954,10.205636,9.596344,8.910891,10.205636,10.586443,10.434120
455,23.566006,9.595108,9.247153,9.394770,9.489667,9.679460,9.236609,10.069591,9.721636
456,24.146982,9.973753,9.623797,9.448819,10.061242,9.011374,10.498688,8.661417,8.573928
457,22.410714,9.732143,10.446429,10.089286,9.285714,9.553571,10.446429,9.285714,8.750000
458,26.612903,7.795699,9.229391,9.856631,9.856631,8.691756,9.767025,8.512545,9.677419
461,21.514819,9.549945,12.074643,9.989023,9.440176,8.891328,9.440176,9.220637,9.879254
462,23.529412,9.546770,9.161041,7.521697,10.318226,9.450338,8.775313,11.475410,10.221794
463,21.428571,8.531746,10.218254,10.218254,10.119048,9.821429,8.531746,10.813492,10.317460
464,24.898291,9.031733,9.031733,9.682669,10.252238,9.031733,9.438568,9.113100,9.519935
465,26.038501,10.435664,7.700101,9.118541,9.726444,8.510638,9.422492,9.625127,9.422492
466,24.074074,8.425926,9.166667,10.648148,9.166667,9.537037,8.518519,10.185185,10.277778
467,22.545090,9.218437,9.819639,9.719439,11.122244,8.717435,9.418838,9.619238,9.819639
468,21.875000,9.548611,9.809028,9.375000,10.503472,9.895833,10.503472,9.288194,9.201389
471,22.814499,9.594883,9.808102,10.127932,9.914712,8.955224,8.955224,9.275053,10.554371
472,24.642127,8.179959,8.691207,10.633947,9.202454,9.509202,10.122699,10.020450,8.997955
473,25.166192,9.496676,8.452042,8.926876,9.686610,10.256410,9.781576,8.262108,9.971510
474,23.231257,9.503696,10.137276,8.764520,9.398099,10.031679,9.820486,10.665259,8.447730
475,25.151515,8.383838,10.000000,8.282828,10.303030,9.292929,8.888889,9.797980,9.898990
476,23.340471,9.528908,10.492505,9.635974,9.100642,10.599572,11.027837,6.959315,9.314775
477,23.433041,9.438749,9.491597,9.713561,10.136349,9.808688,9.417609,9.555015,9.005391
478,23.490566,8.679245,9.811321,10.377358,9.905660,9.716981,8.867925,10.188679,8.962264
481,21.578947,9.052632,10.842105,10.000000,9.894737,8.842105,10.315789,8.947368,10.526316
482,24.864865,8.648649,9.189189,10.594595,10.810811,9.405405,8.540541,9.405405,8.540541
483,25.677140,9.534128,11.050921,9.859155,10.075840,6.933911,8.992416,8.775731,9.100758
484,25.210084,7.563025,8.309991,9.897292,8.496732,11.204482,9.056956,9.803922,10.457516
485,24.301075,11.397849,9.569892,7.634409,8.924731,9.139785,10.537634,8.924731,9.569892
486,23.523524,8.708709,11.111111,10.410410,10.310310,9.309309,8.808809,9.209209,8.608609
487,23.974082,10.907127,8.315335,10.367171,9.179266,10.907127,9.287257,8.531317,8.531317
488,22.827225,11.518325,9.633508,10.890052,9.005236,9.005236,9.005236,9.214660,8.900524
511,22.079772,10.327635,9.045584,10.968661,8.831909,10.398860,9.116809,8.689459,10.541311
512,25.221675,10.246305,9.753695,10.147783,9.556650,8.374384,9.064039,7.783251,9.852217
513,24.141315,9.126595,10.304220,8.832188,9.224730,8.734053,8.635918,10.991168,10.009814
514,23.871615,10.230692,10.330993,9.327984,9.127382,11.133400,8.124373,8.926780,8.926780
515,23.417085,9.949749,9.447236,9.748744,10.552764,10.251256,6.934673,9.949749,9.748744
516,25.670498,9.386973,10.632184,8.141762,8.812261,8.908046,8.908046,9.291188,10.249042
517,23.906706,9.135083,9.426628,8.163265,8.746356,9.620991,10.301263,10.009718,10.689990
518,23.165618,10.691824,10.062893,9.853249,8.805031,8.805031,9.853249,10.167715,8.595388
521,25.917927,10.043197,9.827214,8.531317,11.447084,8.099352,8.315335,9.935205,7.883369
522,25.736961,11.451247,9.523810,7.709751,9.410431,8.843537,8.956916,9.183673,9.183673
523,24.446494,9.409594,10.055351,6.642066,8.394834,11.531365,8.763838,10.701107,10.055351
524,22.455404,11.017838,9.968520,8.604407,9.968520,9.968520,7.764953,11.437566,8.814271
525,24.170616,10.584518,10.110585,10.979463,8.293839,7.187994,10.110585,9.478673,9.083728
526,22.553588,9.972041,7.362535,11.183597,10.158434,9.785648,10.344828,9.878844,8.760485
527,22.069694,9.292503,10.137276,8.975713,8.447730,11.932418,9.926082,8.975713,10.242872
528,23.818708,9.450338,9.932498,8.293153,9.064609,9.546770,9.257473,10.896818,9.739634
531,22.199593,11.303462,9.979633,9.470468,9.979633,8.044807,8.961303,10.081466,9.979633
532,26.299046,9.331919,8.589608,8.271474,8.907741,9.013786,10.074231,10.074231,9.437964
533,24.618736,8.169935,9.368192,9.259259,8.823529,9.803922,8.605664,10.457516,10.893246
534,26.034858,8.169935,9.041394,10.239651,8.496732,10.239651,9.150327,9.586057,9.041394
535,24.117205,9.691961,9.917355,8.940646,10.593539,8.339594,9.316304,9.541698,9.541698
536,23.897436,11.179487,8.717949,8.307692,10.871795,8.615385,9.846154,9.025641,9.538462
537,21.805393,7.268464,13.130129,8.558030,10.668230,9.026964,11.019930,9.378664,9.144197
538,21.991701,10.269710,8.921162,9.439834,8.402490,10.580913,10.580913,11.410788,8.402490
541,22.983871,8.971774,9.375000,9.576613,10.383065,8.971774,8.770161,9.274194,11.693548
542,23.402163,9.537856,9.832842,8.652901,9.144543,11.307768,9.341200,9.636185,9.144543
543,26.637555,7.532751,9.934498,8.733624,10.698690,8.624454,10.152838,8.406114,9.279476
544,23.932927,8.841463,9.070122,9.756098,9.298780,10.137195,9.298780,10.594512,9.070122
545,23.385301,9.428359,10.913140,9.799555,9.205642,9.576837,8.017817,9.873794,9.799555
546,24.575425,7.192807,9.490509,12.487512,9.890110,9.690310,9.490509,9.190809,7.992008
547,27.185399,9.317963,9.702209,8.933718,10.278578,8.453410,7.108549,10.278578,8.741595
548,23.956262,8.648111,9.741551,9.840954,9.045726,8.648111,9.045726,11.729622,9.343936
551,23.440860,9.139785,8.709677,11.397849,10.430108,8.387097,9.139785,9.032258,10.322581
552,25.891473,8.449612,10.155039,9.844961,10.000000,9.069767,9.767442,8.914729,7.906977
553,23.288690,10.119048,9.821429,9.821429,8.035714,9.077381,10.491071,9.523810,9.821429
554,23.640662,10.323089,9.219858,8.195429,9.929078,9.219858,10.638298,9.219858,9.613869
555,23.898146,9.810286,9.045661,9.247638,9.651591,9.464041,9.593883,9.572243,9.716512
556,22.685656,8.952187,9.359105,10.783316,9.053917,10.274669,9.766022,8.850458,10.274669
557,23.350410,9.713115,9.487705,9.446721,9.538934,9.969262,9.272541,9.467213,9.754098
558,24.232804,8.783069,9.841270,10.158730,10.476190,8.359788,9.841270,9.841270,8.465608
561,23.885035,9.613479,9.117939,9.514371,10.307235,9.712587,9.415263,8.523290,9.910803
562,25.168756,10.028930,8.871745,9.836066,10.511090,8.775313,8.582449,9.836066,8.389585
563,23.871615,8.525577,10.932798,8.726179,9.929789,10.130391,8.926780,8.625878,10.330993
564,26.026026,8.408408,9.609610,9.909910,10.010010,8.808809,8.608609,7.907908,10.710711
565,22.603431,9.989909,8.779011,8.577195,10.998991,10.191726,9.182644,9.283552,10.393542
566,23.012161,10.944808,9.728718,10.851263,9.260992,9.448082,9.073901,8.980355,8.699719
567,20.549242,8.522727,9.564394,10.606061,9.090909,10.511364,10.132576,11.174242,9.848485
568,23.205965,10.344828,9.506058,9.226468,10.251631,8.946878,9.785648,7.828518,10.904007
571,24.726477,9.628009,9.737418,12.035011,9.409190,9.518600,8.971554,7.877462,8.096280
572,24.702381,7.936508,10.714286,9.623016,8.234127,8.928571,8.234127,10.218254,11.408730
573,24.783028,9.257473,9.353905,10.511090,8.871745,9.257473,10.896818,9.064609,8.003857
574,20.443102,8.559919,10.171198,9.566969,10.171198,9.768379,11.178248,10.574018,9.566969
575,23.964698,10.251188,9.504413,9.436524,10.862186,9.232858,10.115411,8.282417,8.350305
576,22.539683,10.793651,7.830688,8.465608,9.947090,9.523810,12.063492,9.312169,9.523810
577,23.209169,9.264565,9.455587,9.837631,9.646609,9.169054,8.404967,10.697230,10.315186
578,23.012939,10.073937,9.149723,10.813309,8.502773,10.720887,9.334566,10.258780,8.133087
581,22.166499,8.826479,9.729188,9.829488,10.531595,9.027081,8.826479,9.027081,12.036108
582,25.531915,9.767892,9.187621,9.864603,9.574468,8.510638,9.284333,9.767892,8.510638
583,25.511302,10.441335,9.795479,9.472551,7.750269,8.611410,10.226050,9.364909,8.826695
584,22.865554,10.107949,9.028459,9.911678,11.089303,8.734053,9.421001,9.911678,8.930324
585,24.479167,9.895833,10.000000,8.750000,10.000000,9.270833,9.479167,9.270833,8.854167
586,22.510373,8.713693,9.024896,10.995851,9.439834,9.647303,9.751037,10.165975,9.751037
587,24.520686,9.586276,9.788093,8.577195,7.769929,11.907164,9.384460,9.081736,9.384460
588,24.733228,9.635499,9.466455,9.360803,9.487586,8.515584,9.624934,9.572108,9.603803
611,23.901393,9.967846,8.788853,9.003215,10.289389,8.788853,8.788853,10.182208,10.289389
612,22.877123,9.490509,9.790210,8.891109,8.791209,11.188811,8.891109,10.189810,9.890110
613,22.666667,9.333333,11.794872,8.820513,8.205128,8.615385,10.051282,10.974359,9.538462
614,23.851204,11.487965,9.628009,8.752735,10.393873,11.050328,7.986871,7.658643,9.190372
615,23.000987,8.884501,8.193485,9.970385,9.970385,10.069102,9.970385,11.154985,8.785785
616,23.011665,9.013786,11.134677,12.407211,7.741251,8.483563,8.059385,8.271474,11.876988
617,25.944842,11.542390,7.865169,7.354443,9.193054,8.886619,9.090909,11.235955,8.886619
618,23.601896,8.815166,9.004739,8.720379,8.815166,10.805687,9.383886,10.616114,10.236967
621,24.196597,9.357278,10.113422,9.357278,9.357278,9.262760,9.262760,9.640832,9.451796
622,21.945338,8.922830,10.450161,9.485531,10.209003,10.289389,10.128617,8.118971,10.450161
623,21.784232,8.713693,10.892116,10.477178,9.024896,9.854772,9.543568,9.751037,9.958506
624,23.581213,7.827789,8.806262,9.099804,10.469667,9.295499,11.350294,10.078278,9.491194
625,22.970297,9.306931,8.910891,10.693069,10.990099,8.712871,9.801980,9.108911,9.504950
626,22.972973,9.346847,10.585586,7.995495,8.333333,9.459459,8.558559,11.036036,11.711712
627,23.814542,9.905163,10.748156,8.535300,7.481560,10.537408,10.221286,10.221286,8.535300
628,24.076148,9.294513,8.622620,9.854423,8.958567,8.510638,11.198208,8.734602,10.750280
631,25.646123,8.250497,9.642147,9.840954,11.133201,8.747515,8.648111,7.554672,10.536779
632,24.928639,10.751665,8.848716,9.800190,9.705043,8.943863,8.753568,9.039010,9.229305
633,26.190476,8.531746,8.928571,9.920635,10.515873,8.035714,9.424603,9.821429,8.630952
634,24.661811,11.446410,9.781478,7.492196,9.365245,8.949011,9.365245,9.989594,8.949011
635,21.316033,9.916589,10.658017,9.175162,10.750695,9.545876,8.433735,11.214087,8.989805
636,24.378508,7.939054,8.500401,10.745790,9.943865,9.703288,9.943865,10.024058,8.821171
637,24.053452,9.465479,10.133630,9.799555,10.133630,8.574610,8.463252,9.576837,9.799555
638,21.320346,9.415584,9.090909,9.523810,9.848485,10.714286,11.255411,8.658009,10.173160
641,23.596674,9.563410,9.355509,9.771310,9.875260,9.355509,8.523909,9.979210,9.979210
642,25.049505,9.702970,9.900990,9.702970,8.811881,9.900990,8.415842,8.118812,10.396040
643,23.673870,9.430255,8.742633,7.465619,11.296660,9.528487,8.939096,10.314342,10.609037
644,25.646711,7.908352,8.425721,9.756098,10.273466,8.203991,11.456024,9.238729,9.090909
645,23.645833,8.750000,9.687500,10.208333,8.437500,10.312500,10.000000,10.104167,8.854167
646,23.971916,8.926780,9.027081,8.324975,10.832497,9.729188,10.531595,9.929789,8.726179
647,21.855670,10.618557,10.000000,9.793814,10.824742,9.175258,9.175258,10.309278,8.247423
648,22.131888,10.840108,8.762421,9.846432,10.298103,10.298103,9.033424,8.672087,10.117435
651,24.532225,8.939709,10.602911,11.122661,8.835759,7.588358,9.875260,9.459459,9.043659
652,23.839009,10.010320,8.049536,10.732714,9.391125,11.145511,8.875129,8.978328,8.978328
653,22.035677,10.493179,8.814271,9.863589,10.388248,8.289612,8.709339,12.067156,9.338930
654,25.185185,8.783069,8.571429,8.994709,9.100529,9.100529,9.523810,11.957672,8.783069
655,23.235613,9.446254,9.337676,8.577633,9.989142,8.469055,8.903366,10.314875,11.726384
656,23.760331,10.123967,9.194215,9.607438,10.123967,9.090909,9.297521,9.090909,9.710744
657,25.025961,8.515057,8.826584,8.930426,9.138110,11.111111,9.553479,10.591900,8.307373
658,24.734607,7.112527,8.917197,11.146497,10.084926,9.554140,8.811040,10.615711,9.023355
661,22.133599,9.172483,10.368893,10.269192,8.175474,9.970090,9.770688,10.967099,9.172483
662,25.275827,10.431294,8.525577,8.525577,10.030090,10.230692,8.625878,9.327984,9.027081
663,24.668874,9.602649,9.602649,8.526490,11.754967,8.940397,9.188742,8.692053,9.023179
664,23.653643,8.130940,9.292503,8.870116,9.820486,10.137276,10.770855,8.764520,10.559662
665,22.672065,10.728745,10.425101,8.704453,8.502024,9.615385,10.323887,9.412955,9.615385
666,23.500264,9.480708,9.672304,9.811047,9.526956,9.797833,9.546776,9.408034,9.256078
667,23.400191,10.028653,8.691500,9.169054,7.927412,10.219675,9.646609,10.601719,10.315186
668,23.495702,9.933142,8.787011,10.410697,8.882521,9.742120,10.028653,8.500478,10.219675
671,24.571429,8.857143,9.619048,8.666667,10.857143,10.190476,9.333333,8.190476,9.714286
672,22.292324,9.674027,9.674027,8.622503,9.568875,10.830705,9.463722,10.304942,9.568875
673,24.815206,9.186906,9.398099,9.503696,9.503696,9.398099,10.454065,9.503696,8.236536
674,21.605550,9.910803,9.117939,9.514371,8.622398,10.406343,11.100099,9.613479,10.109019
675,24.823411,8.274470,8.173562,10.393542,10.696266,10.393542,9.889001,8.274470,9.081736
676,23.479888,9.728718,8.138447,8.886810,10.102900,10.009355,9.635173,10.944808,9.073901
677,23.862317,10.083413,9.819449,9.618836,9.217612,9.724422,8.858621,9.027558,9.787773
678,25.392157,10.000000,8.921569,9.117647,10.196078,8.823529,9.509804,9.607843,8.431373
681,25.146771,9.686888,9.882583,10.371820,9.099804,7.729941,11.741683,8.023483,8.317025
682,25.185972,9.351753,11.264612,6.801275,9.670563,10.839532,8.289054,8.926674,9.670563
683,22.535211,8.920188,10.211268,9.741784,10.563380,11.384977,8.450704,9.037559,9.154930
684,22.373541,8.560311,10.700389,9.241245,10.505837,9.533074,9.143969,10.992218,8.949416
685,21.464903,9.562564,10.071211,10.783316,9.766022,9.359105,10.986775,10.274669,7.731434
686,24.321705,9.108527,8.139535,9.786822,10.077519,9.108527,10.658915,9.108527,9.689922
687,21.725888,8.934010,10.558376,9.137056,9.543147,9.137056,11.065990,10.050761,9.847716
688,25.333333,8.717949,9.846154,9.538462,9.128205,8.820513,9.846154,9.641026,9.128205
711,25.656566,10.707071,9.595960,8.989899,9.898990,9.090909,9.191919,7.070707,9.797980
712,24.233129,8.793456,11.349693,9.100204,9.202454,8.282209,10.224949,10.327198,8.486708
713,25.170068,11.370262,9.815355,8.163265,7.288630,9.329446,8.163265,9.426628,11.273081
714,23.517787,9.683794,10.276680,8.992095,9.189723,10.276680,9.683794,9.288538,9.090909
715,25.215517,11.637931,10.883621,8.297414,9.482759,8.405172,7.758621,9.482759,8.836207
716,22.606120,10.661402,9.575518,8.884501,8.983218,9.476802,10.858835,10.661402,8.292201
717,22.574448,11.239193,9.894332,10.662824,8.261287,8.453410,9.798271,10.278578,8.837656
718,25.273390,9.477521,9.113001,11.178615,7.654921,9.234508,8.991495,10.085055,8.991495
721,25.648703,8.083832,9.481038,8.782435,8.982036,11.077844,10.379242,8.083832,9.481038
722,21.903787,9.825998,9.723644,8.700102,9.007165,9.825998,10.235415,10.440123,10.337769
723,25.235602,8.586387,8.376963,9.109948,10.157068,11.518325,8.481675,9.319372,9.214660
724,24.264706,11.239496,9.243697,8.403361,8.928571,10.399160,9.873950,9.348739,8.298319
725,24.151697,9.680639,8.283433,8.083832,10.578842,10.079840,9.680639,11.077844,8.383234
726,21.719457,8.936652,9.389140,11.651584,10.067873,11.538462,10.180995,9.615385,6.900452
727,24.301887,10.641509,9.735849,9.886792,8.754717,8.981132,8.452830,8.981132,10.264151
728,24.031778,9.831182,9.334657,9.235353,9.831182,7.845084,10.327706,11.320755,8.242304
731,22.094140,9.510086,8.933718,8.645533,9.125841,10.566763,9.606148,10.566763,10.951009
732,26.521739,9.239130,8.043478,9.565217,8.913043,9.130435,9.673913,8.804348,10.108696
733,22.670509,9.317963,8.453410,9.510086,10.854947,10.470701,8.933718,10.854947,8.933718
734,25.300000,10.200000,8.000000,8.500000,10.400000,10.700000,8.600000,9.200000,9.100000
735,21.195652,9.782609,9.673913,10.000000,10.543478,9.782609,9.782609,10.108696,9.130435
736,24.946467,9.957173,10.706638,11.241970,9.528908,8.565310,8.244111,9.207709,7.601713
737,23.240938,8.528785,10.234542,8.422175,10.554371,9.275053,9.701493,9.381663,10.660981
738,24.836601,8.278867,8.387800,10.239651,7.952070,9.477124,9.259259,11.220044,10.348584
741,21.574642,8.179959,9.304703,11.247444,10.224949,9.406953,8.077710,11.554192,10.429448
742,22.014052,9.953162,8.782201,8.313817,10.304450,8.899297,10.772834,11.007026,9.953162
743,23.594378,10.441767,11.044177,8.634538,9.538153,8.032129,10.441767,8.534137,9.738956
744,25.500527,10.853530,7.903056,8.429926,9.378293,9.799789,8.113804,9.589041,10.432034
745,22.895928,10.407240,10.407240,10.678733,8.868778,8.778281,8.959276,9.049774,9.954751
746,25.023969,8.628955,8.437200,9.971237,9.491850,10.258869,9.395973,8.437200,10.354746
747,23.163842,10.492333,9.765940,9.443099,10.330912,9.685230,8.878128,9.362389,8.878128
748,23.419689,11.295337,9.430052,9.948187,9.430052,8.704663,8.186528,9.326425,10.259067
751,22.186147,10.714286,8.658009,8.225108,11.363636,10.930736,8.549784,9.848485,9.523810
752,24.185068,7.991588,9.148265,8.832808,10.935857,9.568875,9.253417,10.620400,9.463722
753,26.002055,8.941418,8.530319,10.174717,9.146968,9.146968,11.408016,8.427544,8.221994
754,23.860021,8.589608,10.074231,9.756098,8.271474,9.756098,10.498409,9.756098,9.437964
755,24.781573,10.405083,8.498809,9.690230,8.260524,8.895949,10.563940,9.849087,9.054805
756,21.926230,9.938525,10.655738,8.811475,7.684426,11.782787,8.811475,9.938525,10.450820
757,23.772102,10.314342,8.153242,9.528487,10.216110,10.216110,9.921415,8.153242,9.724951
758,26.176471,8.039216,8.823529,11.274510,8.921569,9.215686,9.509804,9.411765,8.627451
761,25.405405,8.648649,9.729730,9.405405,9.945946,9.297297,8.432432,9.081081,10.054054
762,22.863248,10.042735,8.333333,8.974359,9.722222,9.508547,10.576923,9.081197,10.897436
763,23.728814,9.571286,10.368893,9.272183,8.873380,10.767697,8.973081,8.673978,9.770688
764,25.324028,10.069791,9.670987,8.275174,9.571286,10.568295,9.371884,8.973081,8.175474
765,25.047801,9.273423,9.942639,8.221797,8.221797,8.604207,9.847036,10.229446,10.611855
766,25.395257,10.474308,9.090909,7.707510,9.486166,9.881423,9.387352,8.794466,9.782609
767,23.746082,6.896552,9.717868,10.109718,9.874608,9.561129,9.247649,9.874608,10.971787
768,24.510814,9.165808,9.474768,9.474768,9.680742,8.032956,10.401648,8.547889,10.710608
771,23.154702,10.717897,7.583418,9.302326,9.908999,9.908999,8.291203,10.414560,10.717897
772,24.186704,9.264498,10.396040,8.062235,8.628006,8.910891,9.264498,11.315417,9.971711
773,22.964509,10.438413,9.290188,8.559499,8.559499,10.125261,10.125261,11.899791,8.037578
774,23.038157,10.007199,9.935205,9.647228,9.863211,10.151188,7.847372,10.079194,9.431246
775,24.925521,10.129096,9.831182,8.242304,8.440914,9.632572,10.923535,8.242304,9.632572
776,24.649860,9.383754,9.033613,10.224090,9.243697,8.613445,9.523810,9.313725,10.014006
777,23.476583,9.300082,9.752839,9.455949,9.812217,9.641505,9.507905,9.300082,9.752839
778,24.444444,9.688889,9.777778,9.244444,10.311111,10.222222,9.511111,8.622222,8.177778
781,23.353909,10.082305,9.567901,10.390947,8.333333,9.465021,9.465021,9.979424,9.362140
782,24.204436,9.161041,8.582449,9.546770,9.643202,10.414658,9.161041,9.836066,9.450338
783,21.863799,8.960573,9.796894,11.350060,8.841099,9.318996,9.916368,10.872162,9.080048
784,23.248408,10.403397,8.386412,8.917197,7.430998,9.766454,10.615711,10.828025,10.403397
785,23.892100,11.849711,9.826590,9.055877,8.574181,8.670520,9.730250,8.863198,9.537572
786,23.154702,8.796764,10.212336,10.010111,8.493428,9.504550,9.201213,10.010111,10.616785
787,26.778656,9.387352,9.980237,10.573123,9.683794,9.486166,7.213439,8.794466,8.102767
788,23.583238,9.659977,10.065509,9.701570,9.545596,9.649579,8.973692,9.420817,9.400021
811,26.310380,9.763618,8.324769,9.249743,7.810894,9.558068,10.277492,9.455293,9.249743
812,23.617512,7.142857,10.023041,9.331797,10.023041,10.023041,9.216590,10.483871,10.138249
813,22.379913,10.698690,9.497817,10.807860,10.371179,9.061135,8.951965,8.842795,9.388646
814,22.267206,10.020243,10.931174,11.032389,8.805668,8.400810,9.109312,9.817814,9.615385
815,22.500000,11.195652,11.521739,9.456522,8.260870,9.347826,9.565217,9.347826,8.804348
816,22.601985,9.371555,10.363837,11.025358,10.143330,8.158765,8.820287,10.363837,9.151047
817,24.477612,8.059701,9.552239,10.845771,10.248756,9.154229,9.253731,9.651741,8.756219
818,24.668705,7.237513,10.703364,9.480122,11.009174,9.072375,9.582059,9.582059,8.664628
821,25.269344,9.010774,8.619001,9.500490,10.088149,11.361410,8.423115,8.129285,9.598433
822,24.652241,9.891808,10.664606,9.582689,9.891808,9.196291,8.809892,9.196291,8.114374
823,24.161850,10.057803,9.017341,8.092486,8.670520,10.520231,9.248555,10.057803,10.173410
824,22.480620,10.409745,9.966777,8.637874,9.080842,8.416390,10.963455,8.748616,11.295681
825,23.220974,9.644195,8.426966,9.831461,9.925094,9.737828,8.988764,9.737828,10.486891
826,23.168317,10.297030,9.702970,10.396040,8.613861,9.306931,9.306931,10.000000,9.207921
827,20.350877,9.707602,10.292398,9.824561,10.058480,10.292398,10.877193,9.473684,9.122807
828,24.805339,9.343715,8.676307,9.788654,9.788654,8.008899,11.345940,9.566185,8.676307
831,25.076453,9.480122,10.397554,8.256881,9.683996,9.683996,8.766565,9.683996,8.970438
832,25.891830,8.055236,8.975834,10.126582,10.701956,9.321059,8.400460,8.860759,9.666283
833,24.378109,8.656716,8.855721,10.149254,10.049751,7.263682,11.343284,9.452736,9.850746
834,23.120837,10.846813,8.277831,10.656518,9.039010,9.705043,8.277831,10.275928,9.800190
835,24.321705,8.333333,11.046512,8.914729,8.817829,10.755814,9.205426,8.914729,9.689922
836,23.255814,7.423971,9.928444,10.644007,8.586762,9.928444,11.091234,9.928444,9.212880
837,22.014538,8.722741,11.111111,8.618899,11.318795,10.695742,8.099688,10.176532,9.241952
838,23.759240,9.081309,8.658923,8.870116,9.081309,10.559662,9.820486,9.398099,10.770855
841,27.887617,8.012487,9.677419,10.197711,8.324662,8.740895,9.053070,9.053070,9.053070
842,23.896353,9.500960,9.596929,9.213052,9.788868,8.637236,10.556622,9.213052,9.596929
843,25.840336,9.243697,8.718487,9.873950,9.138655,9.033613,9.873950,8.613445,9.663866
844,23.983316,9.697602,8.342023,7.924922,11.157456,9.906152,9.280501,10.844630,8.863399
845,23.661670,10.706638,9.743041,9.528908,9.421842,8.779443,9.207709,9.850107,9.100642
846,22.978723,9.574468,8.829787,12.021277,8.297872,9.148936,10.106383,8.936170,10.106383
847,23.996082,10.186092,8.521058,9.696376,9.108717,10.479922,10.284035,8.912831,8.814887
848,25.609756,9.866962,10.532151,9.312639,8.980044,6.762749,8.869180,9.866962,10.199557
851,22.925764,7.751092,10.589520,8.842795,8.951965,10.262009,9.061135,10.589520,11.026201
852,24.245375,8.860759,9.055501,9.834469,11.781889,9.444985,8.179163,8.763389,9.834469
853,24.559585,9.948187,9.119171,10.051813,8.497409,9.326425,10.155440,9.326425,9.015544
854,22.714420,8.011310,8.576814,12.346843,9.142319,9.425071,9.707823,9.425071,10.650330
855,22.490347,8.880309,9.266409,9.652510,9.073359,10.135135,10.231660,10.135135,10.135135
856,24.255319,10.212766,10.531915,8.191489,8.510638,10.425532,9.680851,8.617021,9.574468
857,25.616698,8.633776,9.582543,10.246679,8.349146,9.677419,9.108159,10.056926,8.728653
858,23.196605,9.264498,10.254597,10.254597,9.193777,9.688826,9.264498,8.840170,10.042433
861,23.936170,9.680851,10.106383,8.936170,10.319149,10.000000,8.617021,9.574468,8.829787
862,23.848516,10.235415,10.337769,8.495394,8.290686,10.133060,8.597748,9.211873,10.849539
863,24.229543,9.245484,10.414453,11.052072,7.863974,8.501594,9.032944,9.139214,10.520723
864,23.120301,9.304511,9.774436,10.620301,10.526316,7.518797,10.150376,9.210526,9.774436
865,25.437693,7.826982,8.547889,10.401648,9.371782,10.195675,9.474768,10.092688,8.650875
866,24.661247,8.943089,8.310750,8.310750,10.569106,8.852755,9.936766,10.388437,10.027100
867,22.773279,9.311741,10.222672,11.943320,8.603239,9.109312,9.109312,9.514170,9.412955
868,23.279352,8.603239,10.222672,10.425101,10.425101,9.412955,7.995951,9.311741,10.323887
871,26.215443,9.628217,7.721640,9.151573,9.914204,10.104862,8.388942,9.151573,9.723546
872,23.601221,9.359105,10.071211,10.783316,8.545270,9.257375,10.071211,8.850458,9.460834
873,24.460432,8.427544,9.352518,8.633094,7.605344,10.174717,11.408016,11.202467,8.735868
874,25.456292,10.662824,9.414025,11.143132,9.606148,9.029779,8.933718,8.357349,7.396734
875,24.269889,9.869084,10.473313,9.566969,9.264854,10.171198,8.459215,8.056395,9.869084
876,22.437972,9.924488,8.629989,9.277238,9.924488,9.600863,11.650485,10.571737,7.982740
877,23.601896,9.573460,10.426540,8.436019,10.142180,9.099526,9.763033,8.341232,10.616114
878,24.222586,10.310966,9.819967,8.919804,8.837971,10.065466,9.410802,9.165303,9.247136
881,25.081081,9.513514,10.594595,9.297297,8.648649,8.972973,8.000000,10.162162,9.729730
882,23.529412,10.318226,9.643202,9.643202,9.257473,7.907425,9.739634,9.353905,10.607522
883,24.676724,9.159483,8.297414,9.698276,9.913793,8.836207,9.482759,10.668103,9.267241
884,24.509804,9.215686,9.705882,9.019608,9.607843,7.843137,9.117647,11.862745,9.117647
885,22.767857,9.598214,8.184524,10.193452,9.821429,9.449405,10.342262,9.895833,9.747024
886,23.991727,8.893485,9.513961,8.479835,9.824199,9.824199,10.444674,8.169597,10.858325
887,22.282609,8.695652,11.413043,9.083851,10.403727,9.782609,9.006211,10.481366,8.850932
888,24.123899,9.231704,9.602186,9.371394,9.304585,9.790465,9.517158,9.383541,9.675068
